{
  "mlp-v2-pcgrad-irish-no-peft": {
    "num_folds": 1,
    "per_fold": [
      {
        "fold": 2.0,
        "epoch": 29.0,
        "ckpt_path": "outputs/checkpoints/mlp-v2-pcgrad-irish-no-peft/fold_2/last.ckpt",
        "used_swa": true,
        "mse": 272.83453369140625,
        "mae": 10.256979942321777,
        "rmse": 16.51770364461738,
        "r2": 0.2990756630897522,
        "mse_dc": 26.5675106048584,
        "mse_dd": 62.37546157836914,
        "mse_dg": 468.4405822753906,
        "mae_dc": 3.2640109062194824,
        "mae_dd": 5.820167541503906,
        "mae_dg": 15.049330711364746
      }
    ],
    "average": {
      "r2": 0.2990756630897522,
      "rmse": 16.51770364461738,
      "mse": 272.83453369140625,
      "mse_dc": 26.5675106048584,
      "mae_dc": 3.2640109062194824,
      "mse_dg": 468.4405822753906,
      "mae_dg": 15.049330711364746,
      "mse_dd": 62.37546157836914,
      "mae_dd": 5.820167541503906,
      "mae": 10.256979942321777
    }
  },
  "mlp-v2-pcgrad-no-irish-no-peft": {
    "num_folds": 1,
    "per_fold": [
      {
        "fold": 2.0,
        "epoch": 29.0,
        "ckpt_path": "outputs/checkpoints/mlp-v2-pcgrad-no-irish-no-peft/fold_2/last.ckpt",
        "used_swa": true,
        "mse": 282.3857116699219,
        "mae": 11.481541633605957,
        "rmse": 16.80433609726733,
        "r2": 0.6359782218933105,
        "mse_dc": 28.36546516418457,
        "mse_dd": 213.8385467529297,
        "mse_dg": 459.0389404296875,
        "mae_dc": 3.4695024490356445,
        "mae_dd": 11.358331680297852,
        "mae_dg": 15.315272331237793
      }
    ],
    "average": {
      "mae_dg": 15.315272331237793,
      "mae": 11.481541633605957,
      "mse_dg": 459.0389404296875,
      "mse_dd": 213.8385467529297,
      "rmse": 16.80433609726733,
      "mae_dc": 3.4695024490356445,
      "mae_dd": 11.358331680297852,
      "mse": 282.3857116699219,
      "r2": 0.6359782218933105,
      "mse_dc": 28.36546516418457
    }
  },
  "mlp-v2-pcgrad-primary-anchored": {
    "num_folds": 5,
    "per_fold": [
      {
        "fold": 0.0,
        "epoch": 29.0,
        "ckpt_path": "outputs/checkpoints/mlp-v2-pcgrad-primary-anchored/fold_0/last.ckpt",
        "used_swa": true,
        "mse": 68.59141540527344,
        "mae": 5.899547576904297,
        "rmse": 8.281993443928426,
        "r2": 0.7291519045829773,
        "mse_dc": 32.9144401550293,
        "mse_dd": 41.67390823364258,
        "mse_dg": 61.83700942993164,
        "mae_dc": 3.7851436138153076,
        "mae_dd": 4.746818542480469,
        "mae_dg": 5.6241230964660645
      },
      {
        "fold": 1.0,
        "epoch": 29.0,
        "ckpt_path": "outputs/checkpoints/mlp-v2-pcgrad-primary-anchored/fold_1/last.ckpt",
        "used_swa": true,
        "mse": 108.99422454833984,
        "mae": 7.788541316986084,
        "rmse": 10.44002991127611,
        "r2": 0.5600701570510864,
        "mse_dc": 16.088680267333984,
        "mse_dd": 48.46439743041992,
        "mse_dg": 123.84330749511719,
        "mae_dc": 3.380486488342285,
        "mae_dd": 4.825680732727051,
        "mae_dg": 8.696170806884766
      },
      {
        "fold": 2.0,
        "epoch": 29.0,
        "ckpt_path": "outputs/checkpoints/mlp-v2-pcgrad-primary-anchored/fold_2/last.ckpt",
        "used_swa": true,
        "mse": 306.6214599609375,
        "mae": 11.131625175476074,
        "rmse": 17.510609925440562,
        "r2": -0.27956363558769226,
        "mse_dc": 18.530641555786133,
        "mse_dd": 91.75873565673828,
        "mse_dg": 520.0624389648438,
        "mae_dc": 2.8768303394317627,
        "mae_dd": 7.5340752601623535,
        "mae_dg": 15.659894943237305
      },
      {
        "fold": 3.0,
        "epoch": 29.0,
        "ckpt_path": "outputs/checkpoints/mlp-v2-pcgrad-primary-anchored/fold_3/last.ckpt",
        "used_swa": true,
        "mse": 119.98562622070312,
        "mae": 7.344576835632324,
        "rmse": 10.953795060192752,
        "r2": 0.7069782614707947,
        "mse_dc": 23.85585594177246,
        "mse_dd": 158.8113555908203,
        "mse_dg": 83.11917114257812,
        "mae_dc": 2.771390199661255,
        "mae_dd": 7.833889007568359,
        "mae_dg": 7.259852409362793
      },
      {
        "fold": 4.0,
        "epoch": 29.0,
        "ckpt_path": "outputs/checkpoints/mlp-v2-pcgrad-primary-anchored/fold_4/last.ckpt",
        "used_swa": true,
        "mse": 216.046142578125,
        "mae": 8.95795726776123,
        "rmse": 14.698508175257958,
        "r2": 0.6309056878089905,
        "mse_dc": 118.7352066040039,
        "mse_dd": 96.7594223022461,
        "mse_dg": 238.42803955078125,
        "mae_dc": 5.7795209884643555,
        "mae_dd": 7.878283500671387,
        "mae_dg": 9.290438652038574
      }
    ],
    "average": {
      "mse_dc": 42.02496490478516,
      "r2": 0.4695084750652313,
      "mse_dg": 205.4579933166504,
      "mae_dd": 6.5637494087219235,
      "mae_dg": 9.3060959815979,
      "mae_dc": 3.718674325942993,
      "mse_dd": 87.49356384277344,
      "rmse": 12.376987303219162,
      "mae": 8.224449634552002,
      "mse": 164.0477737426758
    }
  },
  "outputs": {
    "num_folds": 1,
    "per_fold": [
      {
        "fold": 0.0,
        "epoch": 34.0,
        "ckpt_path": "outputs/checkpoints/tune-vitdet-v1-12h-56-ema-0.99/fold_0/last.ckpt",
        "used_swa": false,
        "mse": 74.67169189453125,
        "mae": 6.303060054779053,
        "rmse": 8.64127837154499,
        "r2": 0.7251866459846497,
        "mse_dc": 46.24162673950195,
        "mse_dd": 37.93391799926758,
        "mse_dg": 66.53534698486328,
        "mae_dc": 4.413036346435547,
        "mae_dd": 4.452611446380615,
        "mae_dg": 5.978760242462158
      }
    ],
    "average": {
      "mse_dc": 46.24162673950195,
      "mse_dg": 66.53534698486328,
      "mse_dd": 37.93391799926758,
      "mae_dd": 4.452611446380615,
      "mae_dg": 5.978760242462158,
      "mae": 6.303060054779053,
      "mae_dc": 4.413036346435547,
      "r2": 0.7251866459846497,
      "rmse": 8.64127837154499,
      "mse": 74.67169189453125
    }
  },
  "tune-vitdet-v1-12h-56-ema-0.99": {
    "num_folds": 1,
    "per_fold": [
      {
        "fold": 0.0,
        "epoch": 34.0,
        "ckpt_path": "outputs/checkpoints/tune-vitdet-v1-12h-56-ema-0.99/fold_0/last.ckpt",
        "used_swa": false,
        "mse": 74.67169189453125,
        "mae": 6.303060054779053,
        "rmse": 8.64127837154499,
        "r2": 0.7251866459846497,
        "mse_dc": 46.24162673950195,
        "mse_dd": 37.93391799926758,
        "mse_dg": 66.53534698486328,
        "mae_dc": 4.413036346435547,
        "mae_dd": 4.452611446380615,
        "mae_dg": 5.978760242462158
      }
    ],
    "average": {
      "mse_dc": 46.24162673950195,
      "mse_dg": 66.53534698486328,
      "mse_dd": 37.93391799926758,
      "mae_dd": 4.452611446380615,
      "mae_dg": 5.978760242462158,
      "mae": 6.303060054779053,
      "mae_dc": 4.413036346435547,
      "r2": 0.7251866459846497,
      "rmse": 8.64127837154499,
      "mse": 74.67169189453125
    }
  },
  "tune-vitdet-v3-68-irish": {
    "num_folds": 1,
    "per_fold": [
      {
        "fold": 0.0,
        "epoch": 34.0,
        "ckpt_path": "outputs/checkpoints/tune-vitdet-v3-68-irish/fold_0/last.ckpt",
        "used_swa": false,
        "mse": 71.07366180419922,
        "mae": 5.805586814880371,
        "rmse": 8.430519663947129,
        "r2": 0.7977094650268555,
        "mse_dc": 57.1576042175293,
        "mse_dd": 28.835819244384766,
        "mse_dg": 61.910194396972656,
        "mae_dc": 4.873554229736328,
        "mae_dd": 3.21979022026062,
        "mae_dg": 5.307182312011719
      }
    ],
    "average": {
      "mae": 5.805586814880371,
      "mse_dg": 61.910194396972656,
      "r2": 0.7977094650268555,
      "mae_dd": 3.21979022026062,
      "mse_dc": 57.1576042175293,
      "rmse": 8.430519663947129,
      "mae_dg": 5.307182312011719,
      "mse": 71.07366180419922,
      "mae_dc": 4.873554229736328,